00001.jpg,yellow
00002.jpg,yellow
00003.jpg,green
00004.jpg,black
00005.jpg,white_silver
00006.jpg,red
00007.jpg,blue_cyan
00008.jpg,yellow
00009.jpg,red
00010.jpg,yellow
00011.jpg,blue_cyan
00012.jpg,blue_cyan
00013.jpg,yellow
00014.jpg,yellow
00015.jpg,green
00016.jpg,white_silver
00017.jpg,blue_cyan
00018.jpg,red
00019.jpg,white_silver
00020.jpg,white_silver
00021.jpg,green
00022.jpg,black
00023.jpg,black
00024.jpg,red
00025.jpg,red
00026.jpg,yellow
00027.jpg,yellow
00028.jpg,white_silver
00029.jpg,white_silver
00030.jpg,white_silver
00031.jpg,black
00032.jpg,red
00033.jpg,yellow
00034.jpg,blue_cyan
00035.jpg,black
00036.jpg,red
00037.jpg,green
00038.jpg,red
00039.jpg,green
00040.jpg,yellow
00041.jpg,red
00042.jpg,blue_cyan
00043.jpg,yellow
00044.jpg,black
00045.jpg,black
00046.jpg,white_silver
00047.jpg,green
00048.jpg,black
00049.jpg,blue_cyan
00050.jpg,black
00051.jpg,red
00052.jpg,green
00053.jpg,blue_cyan
00054.jpg,blue_cyan
00055.jpg,black
00056.jpg,yellow
00057.jpg,red
00058.jpg,green
00059.jpg,yellow
00060.jpg,red
00061.jpg,blue_cyan
00062.jpg,white_silver
00063.jpg,black
00064.jpg,white_silver
00065.jpg,green
00066.jpg,white_silver
00067.jpg,black
00068.jpg,red
00069.jpg,white_silver
00070.jpg,blue_cyan
00071.jpg,green
00072.jpg,black
00073.jpg,black
00074.jpg,red
00075.jpg,white_silver
00076.jpg,black
00077.jpg,blue_cyan
00078.jpg,white_silver
00079.jpg,green
00080.jpg,green
00081.jpg,blue_cyan
00082.jpg,black
00083.jpg,white_silver
00084.jpg,black
00085.jpg,white_silver
00086.jpg,yellow
00087.jpg,black
00088.jpg,red
00089.jpg,white_silver
00090.jpg,blue_cyan
00091.jpg,yellow
00092.jpg,blue_cyan
00093.jpg,blue_cyan
00094.jpg,white_silver
00095.jpg,white_silver
00096.jpg,blue_cyan
